№	Город	Регион	Население
1	Москва	Москва	12655050
2	Санкт-Петербург	Санкт-Петербург	5384342
3	Новосибирск	Новосибирская область	1620162
4	Екатеринбург	Свердловская область	1495066
5	Казань	Татарстан	1257341
6	Нижний Новгород	Нижегородская область	1244251
7	Челябинск	Челябинская область	1187960
8	Самара	Самарская область	1144759
9	Омск	Омская область	1139897
10	Ростов-на-Дону	Ростовская область	1137704
11	Уфа	Башкортостан	1125933
12	Красноярск	Красноярский край	1092851
13	Воронеж	Воронежская область	1050602
14	Пермь	Пермский край	1049199
15	Волгоград	Волгоградская область	1004763
16	Краснодар	Краснодарский край	948827
17	Саратов	Саратовская область	830155
18	Тюмень	Тюменская область	816800
19	Тольятти	Самарская область	693072
20	Ижевск	Удмуртия	646468
21	Барнаул	Алтайский край	631127
22	Ульяновск	Ульяновская область	625462
23	Иркутск	Иркутская область	617315
24	Хабаровск	Хабаровский край	610305
25	Махачкала	Дагестан	604266
26	Ярославль	Ярославская область	601403
27	Владивосток	Приморский край	600871
28	Оренбург	Оренбургская область	572819
29	Томск	Томская область	568508
30	Кемерово	Кемеровская область	552546
31	Новокузнецк	Кемеровская область	547885
32	Рязань	Рязанская область	525062
33	Астрахань	Астраханская область	520662
34	Пенза	Пензенская область	519592
35	Набережные Челны	Татарстан	513242
36	Липецк	Липецкая область	508124
37	Тула	Тульская область	501129
38	Киров	Кировская область	473668
39	Чебоксары	Чувашия	447929
40	Улан-Удэ	Бурятия	431922
41	Калининград	Калининградская область	431491
42	Брянск	Брянская область	415640
43	Курск	Курская область	414595
44	Иваново	Ивановская область	409277
45	Магнитогорск	Челябинская область	408401
46	Тверь	Тверская область	403726
47	Ставрополь	Ставропольский край	398266
48	Севастополь(Оспаривается)	Севастополь	393304
49	Нижний Тагил	Свердловская область	361883
50	Белгород	Белгородская область	356426
51	Архангельск	Архангельская область	348716
52	Владимир	Владимирская область	348256
53	Сочи	Краснодарский край	343285
54	Курган	Курганская область	333640
55	Симферополь(Оспаривается)	Крым	332317
56	Смоленск	Смоленская область	326863
57	Калуга	Калужская область	325185
58	Чита	Забайкальский край	323964
59	Саранск	Мордовия	318841
60	Орёл	Орловская область	317854
61	Волжский	Волгоградская область	314436
62	Череповец	Вологодская область	312311
63	Владикавказ	Северная Осетия — Алания	311635
64	Мурманск	Мурманская область	307664
65	Сургут	Ханты-Мансийский АО — Югра	306703
66	Вологда	Вологодская область	301642
67	Тамбов	Тамбовская область	280457
68	Стерлитамак	Башкортостан	273432
69	Грозный	Чечня	271596
70	Якутск	Якутия	269486
71	Кострома	Костромская область	268617
72	Комсомольск-на-Амуре	Хабаровский край	263906
73	Петрозаводск	Карелия	263540
74	Таганрог	Ростовская область	257692
75	Нижневартовск	Ханты-Мансийский АО — Югра	251860
76	Йошкар-Ола	Марий Эл	248688
77	Братск	Иркутская область	246348
78	Новороссийск	Краснодарский край	241788
79	Дзержинск	Нижегородская область	240762
80	Шахты	Ростовская область	240152
81	Нальчик	Кабардино-Балкария	240095
82	Орск	Оренбургская область	238006
83	Сыктывкар	Коми	235006
84	Нижнекамск	Татарстан	234108
85	Ангарск	Иркутская область	233765
86	Королёв	Московская область	225858
87	Старый Оскол	Белгородская область	221163
88	Великий Новгород	Новгородская область	218724
89	Балашиха	Московская область	215353
90	Благовещенск	Амурская область	214397
91	Прокопьевск	Кемеровская область	210150
92	Химки	Московская область	207125
93	Псков	Псковская область	203974
94	Бийск	Алтайский край	203826
95	Энгельс	Саратовская область	202838
96	Рыбинск	Ярославская область	200771
97	Балаково	Саратовская область	199576
98	Северодвинск	Архангельская область	192265
99	Армавир	Краснодарский край	188897
100	Подольск	Московская область	187956
101	Южно-Сахалинск	Сахалинская область	181727
102	Петропавловск-Камчатский	Камчатский край	179526
103	Сызрань	Самарская область	178773
104	Норильск	Красноярский край	175301
105	Златоуст	Челябинская область	174985
106	Каменск-Уральский	Свердловская область	174710
107	Мытищи	Московская область	173341
108	Люберцы	Московская область	171978
109	Волгодонск	Ростовская область	170621
110	Новочеркасск	Ростовская область	169039
111	Абакан	Хакасия	165183
112	Находка	Приморский край	159695
113	Уссурийск	Приморский край	157946
114	Березники	Пермский край	156350
115	Салават	Башкортостан	156085
116	Электросталь	Московская область	155324
117	Миасс	Челябинская область	151812
118	Первоуральск	Свердловская область	149800
119	Керчь(Оспаривается)	Крым	147033
120	Рубцовск	Алтайский край	146386
121	Альметьевск	Татарстан	146309
122	Ковров	Владимирская область	145492
123	Коломна	Московская область	144642
124	Майкоп	Адыгея	144055
125	Пятигорск	Ставропольский край	142397
126	Одинцово	Московская область	139021
127	Копейск	Челябинская область	137604
128	Хасавюрт	Дагестан	133929
129	Новомосковск	Тульская область	131227
130	Кисловодск	Ставропольский край	128502
131	Серпухов	Московская область	126496
132	Новочебоксарск	Чувашия	124094
133	Нефтеюганск	Ханты-Мансийский АО — Югра	123276
134	Димитровград	Ульяновская область	122549
135	Нефтекамск	Башкортостан	121757
136	Черкесск	Карачаево-Черкесия	121439
137	Орехово-Зуево	Московская область	120620
138	Дербент	Дагестан	119961
139	Камышин	Волгоградская область	119924
140	Невинномысск	Ставропольский край	118351
141	Красногорск	Московская область	116738
142	Муром	Владимирская область	116078
143	Батайск	Ростовская область	112400
144	Новошахтинск	Ростовская область	111087
145	Сергиев Посад	Московская область	110878
146	Ноябрьск	Ямало-Ненецкий АО	110572
147	Щёлково	Московская область	110380
148	Кызыл	Тыва	109906
149	Октябрьский	Башкортостан	109379
150	Ачинск	Красноярский край	109156
151	Северск	Томская область	108466
152	Новокуйбышевск	Самарская область	108449
153	Елец	Липецкая область	108404
154	Арзамас	Нижегородская область	106367
155	Евпатория(Оспаривается)	Крым	105719
156	Обнинск	Калужская область	104798
157	Новый Уренгой	Ямало-Ненецкий АО	104144
158	Каспийск	Дагестан	103914
159	Элиста	Калмыкия	103728
160	Пушкино	Московская область	102840
161	Жуковский	Московская область	102729
162	Артём	Приморский край	102636
163	Междуреченск	Кемеровская область	101995
164	Ленинск-Кузнецкий	Кемеровская область	101666
165	Сарапул	Удмуртия	101390
166	Ессентуки	Ставропольский край	100969
167	Воткинск	Удмуртия	100034
168	Ногинск	Московская область	99762
169	Тобольск	Тюменская область	99698
170	Ухта	Коми	99642
171	Серов	Свердловская область	99381
172	Бердск	Новосибирская область	98809
173	Великие Луки	Псковская область	98778
174	Мичуринск	Тамбовская область	98758
175	Киселёвск	Кемеровская область	98382
176	Новотроицк	Оренбургская область	97914
177	Зеленодольск	Татарстан	97651
178	Соликамск	Пермский край	97239
179	Раменское	Московская область	96355
180	Домодедово	Московская область	96123
181	Магадан	Магаданская область	95925
182	Глазов	Удмуртия	95835
183	Каменск-Шахтинский	Ростовская область	95306
184	Железногорск	Курская область	95057
185	Канск	Красноярский край	94230
186	Назрань	Ингушетия	93357
187	Гатчина	Ленинградская область	92566
188	Саров	Нижегородская область	92073
189	Новоуральск	Свердловская область	91813
190	Воскресенск	Московская область	91301
191	Долгопрудный	Московская область	90976
192	Бугульма	Татарстан	89144
193	Кузнецк	Пензенская область	88886
194	Губкин	Белгородская область	88562
195	Кинешма	Ивановская область	88113
196	Ейск	Краснодарский край	87771
197	Реутов	Московская область	87195
198	Усть-Илимск	Иркутская область	86591
199	Железногорск	Красноярский край	85559
200	Усолье-Сибирское	Иркутская область	83364
201	Чайковский	Пермский край	82933
202	Азов	Ростовская область	82882
203	Бузулук	Оренбургская область	82816
204	Озёрск	Челябинская область	82268
205	Балашов	Саратовская область	82222
206	Юрга	Кемеровская область	81536
207	Кирово-Чепецк	Кировская область	80920
208	Кропоткин	Краснодарский край	80743
209	Клин	Московская область	80584
210	Выборг	Ленинградская область	80013
211	Ханты-Мансийск	Ханты-Мансийский АО — Югра	79410
212	Троицк	Челябинская область	78637
213	Бор	Нижегородская область	78079
214	Шадринск	Курганская область	77744
215	Белово	Кемеровская область	76752
216	Ялта(Оспаривается)	Крым	76746
217	Минеральные Воды	Ставропольский край	76715
218	Анжеро-Судженск	Кемеровская область	76669
219	Биробиджан	Еврейская АО	75419
220	Лобня	Московская область	74350
221	Новоалтайск	Алтайский край	73134
222	Чапаевск	Самарская область	72689
223	Георгиевск	Ставропольский край	72126
224	Черногорск	Хакасия	72117
225	Минусинск	Красноярский край	71171
226	Михайловск	Ставропольский край	71018
227	Елабуга	Татарстан	70750
228	Дубна	Московская область	70569
229	Воркута	Коми	70551
230	Егорьевск	Московская область	70133
231	Асбест	Свердловская область	70067
232	Ишим	Тюменская область	69567
233	Феодосия(Оспаривается)	Крым	69038
234	Белорецк	Башкортостан	68804
235	Белогорск	Амурская область	68220
236	Кунгур	Пермский край	67857
237	Лысьва	Пермский край	67712
238	Гуково	Ростовская область	67268
239	Ступино	Московская область	66942
240	Туймазы	Башкортостан	66849
241	Кстово	Нижегородская область	66641
242	Вольск	Саратовская область	66520
243	Ишимбай	Башкортостан	66259
244	Зеленогорск	Красноярский край	66018
245	Сосновый Бор	Ленинградская область	65901
246	Буйнакск	Дагестан	65735
247	Борисоглебск	Воронежская область	65585
248	Наро-Фоминск	Московская область	64640
249	Будённовск	Ставропольский край	64628
250	Донской	Тульская область	64561
251	Сунжа	Ингушетия	64493
252	Полевской	Свердловская область	64316
253	Лениногорск	Татарстан	64145
254	Павловский Посад	Московская область	63771
255	Славянск-на-Кубани	Краснодарский край	63768
256	Заречный	Пензенская область	63579
257	Туапсе	Краснодарский край	63233
258	Россошь	Воронежская область	62865
259	Горно-Алтайск	Алтай	62861
260	Кумертау	Башкортостан	62854
261	Лабинск	Краснодарский край	62822
262	Сибай	Башкортостан	62732
263	Клинцы	Брянская область	62510
264	Ржев	Тверская область	62026
265	Тихорецк	Краснодарский край	61825
266	Нерюнгри	Якутия	61746
267	Алексин	Тульская область	61738
268	Ревда	Свердловская область	61713
269	Александров	Владимирская область	61544
270	Дмитров	Московская область	61454
271	Мелеуз	Башкортостан	61408
272	Сальск	Ростовская область	61312
273	Лесосибирск	Красноярский край	61146
274	Гусь-Хрустальный	Владимирская область	60773
275	Чистополь	Татарстан	60703
276	Павлово	Нижегородская область	60699
277	Чехов	Московская область	60677
278	Котлас	Архангельская область	60562
279	Белебей	Башкортостан	60183
280	Искитим	Новосибирская область	60072
281	Краснотурьинск	Свердловская область	59701
282	Апатиты	Мурманская область	59690
283	Всеволожск	Ленинградская область	59689
284	Прохладный	Кабардино-Балкария	59595
285	Михайловка	Волгоградская область	59153
286	Анапа	Краснодарский край	58983
287	Тихвин	Ленинградская область	58843
288	Верхняя Пышма	Свердловская область	58707
289	Ивантеевка	Московская область	58594
290	Свободный	Амурская область	58594
291	Шуя	Ивановская область	58528
292	Когалым	Ханты-Мансийский АО — Югра	58192
293	Щёкино	Тульская область	58154
294	Жигулёвск	Самарская область	57565
295	Крымск	Краснодарский край	57370
296	Вязьма	Смоленская область	57103
297	Видное	Московская область	56798
298	Арсеньев	Приморский край	56742
299	Избербаш	Дагестан	56301
300	Выкса	Нижегородская область	56196
301	Лиски	Воронежская область	55864
302	Волжск	Марий Эл	55671
303	Краснокаменск	Забайкальский край	55668
304	Фрязино	Московская область	55449
305	Узловая	Тульская область	55282
306	Лыткарино	Московская область	55147
307	Нягань	Ханты-Мансийский АО — Югра	54903
308	Рославль	Смоленская область	54898
309	Геленджик	Краснодарский край	54813
310	Боровичи	Новгородская область	54731
311	Тимашёвск	Краснодарский край	53921
312	Белореченск	Краснодарский край	53891
313	Солнечногорск	Московская область	52996
314	Назарово	Красноярский край	52829
315	Кириши	Ленинградская область	52826
316	Черемхово	Иркутская область	52650
317	Краснокамск	Пермский край	52632
318	Лесной	Свердловская область	52464
319	Вышний Волочёк	Тверская область	52326
320	Бугуруслан	Оренбургская область	52249
321	Берёзовский	Свердловская область	51583
322	Балахна	Нижегородская область	51526
323	Ливны	Орловская область	50430
324	Донецк	Ростовская область	50085
325	Североморск	Мурманская область	50076
326	Саяногорск	Хакасия	49889
327	Кимры	Тверская область	49623
328	Мегион	Ханты-Мансийский АО — Югра	49471
329	Кизляр	Дагестан	49169
330	Урус-Мартан	Чечня	49071
331	Снежинск	Челябинская область	48896
332	Кингисепп	Ленинградская область	48667
333	Курганинск	Краснодарский край	47974
334	Шелехов	Иркутская область	47960
335	Можга	Удмуртия	47959
336	Сертолово	Ленинградская область	47854
337	Ярцево	Смоленская область	47853
338	Шали	Чечня	47715
339	Отрадный	Самарская область	47709
340	Торжок	Тверская область	47702
341	Рузаевка	Мордовия	47529
342	Волхов	Ленинградская область	47344
343	Берёзовский	Кемеровская область	47292
344	Куйбышев	Новосибирская область	47278
345	Дзержинский	Московская область	47125
346	Заринск	Алтайский край	47035
347	Грязи	Липецкая область	46798
348	Чусовой	Пермский край	46740
349	Надым	Ямало-Ненецкий АО	46550
350	Верхняя Салда	Свердловская область	46240
351	Сафоново	Смоленская область	46116
352	Осинники	Кемеровская область	45997
353	Кольчугино	Владимирская область	45804
354	Гудермес	Чечня	45643
355	Канаш	Чувашия	45608
356	Рассказово	Тамбовская область	45484
357	Сатка	Челябинская область	45465
358	Мончегорск	Мурманская область	45381
359	Усть-Кут	Иркутская область	45061
360	Тулун	Иркутская область	44603
361	Шебекино	Белгородская область	44277
362	Спасск-Дальний	Приморский край	44166
363	Белая Калитва	Ростовская область	43688
364	Печора	Коми	43458
365	Чебаркуль	Челябинская область	43405
366	Радужный	Ханты-Мансийский АО — Югра	43394
367	Усть-Лабинск	Краснодарский край	43268
368	Мценск	Орловская область	43216
369	Мыски	Кемеровская область	43029
370	Амурск	Хабаровский край	42977
371	Курчатов	Курская область	42691
372	Качканар	Свердловская область	42563
373	Салехард	Ямало-Ненецкий АО	42494
374	Ефремов	Тульская область	42350
375	Стрежевой	Томская область	42216
376	Аксай	Ростовская область	41984
377	Переславль-Залесский	Ярославская область	41923
378	Ахтубинск	Астраханская область	41898
379	Кашира	Московская область	41880
380	Заинск	Татарстан	41798
381	Камень-на-Оби	Алтайский край	41787
382	Советск	Калининградская область	41709
383	Пугачёв	Саратовская область	41705
384	Лангепас	Ханты-Мансийский АО — Югра	41675
385	Бирск	Башкортостан	41637
386	Урюпинск	Волгоградская область	41594
387	Моршанск	Тамбовская область	41550
388	Пыть-Ях	Ханты-Мансийский АО — Югра	41453
389	Конаково	Тверская область	41303
390	Ртищево	Саратовская область	41295
391	Вязники	Владимирская область	41252
392	Кореновск	Краснодарский край	41179
393	Усинск	Коми	41100
394	Тутаев	Ярославская область	41001
395	Красный Сулин	Ростовская область	40866
396	Саянск	Иркутская область	40786
397	Новодвинск	Архангельская область	40612
398	Новозыбков	Брянская область	40552
399	Людиново	Калужская область	40550
400	Изобильный	Ставропольский край	40546
401	Мариинск	Кемеровская область	40522
402	Черняховск	Калининградская область	40464
403	Заволжье	Нижегородская область	40265
404	Апшеронск	Краснодарский край	40229
405	Красноуфимск	Свердловская область	39765
406	Коряжма	Архангельская область	39629
407	Каменка	Пензенская область	39579
408	Елизово	Камчатский край	39548
409	Фролово	Волгоградская область	39489
410	Урай	Ханты-Мансийский АО — Югра	39435
411	Большой Камень	Приморский край	39257
412	Тосно	Ленинградская область	39127
413	Алексеевка	Белгородская область	39026
414	Коркино	Челябинская область	38950
415	Кыштым	Челябинская область	38950
416	Лянтор	Ханты-Мансийский АО — Югра	38922
417	Моздок	Северная Осетия — Алания	38748
418	Реж	Свердловская область	38709
419	Партизанск	Приморский край	38648
420	Джанкой(Оспаривается)	Крым	38622
421	Шарыпово	Красноярский край	38570
422	Светлоград	Ставропольский край	38520
423	Сокол	Вологодская область	38454
424	Ирбит	Свердловская область	38352
425	Гай	Оренбургская область	38302
426	Алатырь	Чувашия	38202
427	Алапаевск	Свердловская область	38198
428	Темрюк	Краснодарский край	38014
429	Южноуральск	Челябинская область	37890
430	Учалы	Башкортостан	37771
431	Вичуга	Ивановская область	37609
432	Дальнегорск	Приморский край	37503
433	Протвино	Московская область	37308
434	Мирный	Якутия	37179
435	Нижнеудинск	Иркутская область	37056
436	Лесозаводск	Приморский край	36975
437	Баксан	Кабардино-Балкария	36857
438	Беслан	Северная Осетия — Алания	36724
439	Ялуторовск	Тюменская область	36494
440	Миллерово	Ростовская область	36493
441	Луга	Ленинградская область	36409
442	Кизилюрт	Дагестан	36187
443	Фурманов	Ивановская область	36149
444	Краснознаменск	Московская область	36057
445	Зеленокумск	Ставропольский край	35790
446	Кулебаки	Нижегородская область	35762
447	Добрянка	Пермский край	35720
448	Кандалакша	Мурманская область	35659
449	Тында	Амурская область	35574
450	Тайшет	Иркутская область	35481
451	Тавда	Свердловская область	35421
452	Сердобск	Пензенская область	35393
453	Валуйки	Белгородская область	35322
454	Гулькевичи	Краснодарский край	35225
455	Вятские Поляны	Кировская область	35159
456	Истра	Московская область	35106
457	Тейково	Ивановская область	34993
458	Абинск	Краснодарский край	34926
459	Азнакаево	Татарстан	34859
460	Новокубанск	Краснодарский край	34847
461	Сухой Лог	Свердловская область	34836
462	Углич	Ярославская область	34505
463	Кинель	Самарская область	34472
464	Благовещенск	Башкортостан	34246
465	Югорск	Ханты-Мансийский АО — Югра	34066
466	Слободской	Кировская область	33983
467	Острогожск	Воронежская область	33842
468	Трёхгорный	Челябинская область	33678
469	Сланцы	Ленинградская область	33587
470	Корсаков	Сахалинская область	33526
471	Касимов	Рязанская область	33494
472	Шумерля	Чувашия	33412
473	Муравленко	Ямало-Ненецкий АО	33401
474	Чернушка	Пермский край	33275
475	Сосновоборск	Красноярский край	33090
476	Кушва	Свердловская область	33027
477	Кондопога	Карелия	32978
478	Артёмовский	Свердловская область	32878
479	Шатура	Московская область	32836
480	Благодарный	Ставропольский край	32736
481	Балтийск	Калининградская область	32670
482	Нововоронеж	Воронежская область	32635
483	Нурлат	Татарстан	32600
484	Зима	Иркутская область	32522
485	Котельники	Московская область	32347
486	Приморско-Ахтарск	Краснодарский край	32253
487	Старая Русса	Новгородская область	32235
488	Инта	Коми	32021
489	Аша	Челябинская область	31916
490	Богородицк	Тульская область	31897
491	Киров	Калужская область	31888
492	Котовск	Тамбовская область	31851
493	Ростов	Ярославская область	31791
494	Богданович	Свердловская область	31752
495	Гагарин	Смоленская область	31721
496	Нарткала	Кабардино-Балкария	31679
497	Великий Устюг	Вологодская область	31664
498	Маркс	Саратовская область	31535
499	Можайск	Московская область	31388
500	Борзя	Забайкальский край	31376
501	Ликино-Дулёво	Московская область	31331
502	Дюртюли	Башкортостан	31272
503	Петровск	Саратовская область	31158
504	Карабулак	Ингушетия	31081
505	Малгобек	Ингушетия	31076
506	Удомля	Тверская область	31048
507	Холмск	Сахалинская область	30936
508	Кудымкар	Пермский край	30711
509	Городец	Нижегородская область	30699
510	Дагестанские Огни	Дагестан	30671
511	Усть-Джегута	Карачаево-Черкесия	30602
512	Верхний Уфалей	Челябинская область	30504
513	Малоярославец	Калужская область	30401
514	Скопин	Рязанская область	30374
515	Славгород	Алтайский край	30370
516	Мирный	Архангельская область	30259
517	Барабинск	Новосибирская область	30250
518	Еманжелинск	Челябинская область	30218
519	Сорочинск	Оренбургская область	30136
520	Горячий Ключ	Краснодарский край	30093
521	Киржач	Владимирская область	30044
522	Луховицы	Московская область	29849
523	Десногорск	Смоленская область	29677
524	Сегежа	Карелия	29660
525	Аргун	Чечня	29528
526	Дятьково	Брянская область	29438
527	Кохма	Ивановская область	29408
528	Знаменск	Астраханская область	29357
529	Дедовск	Московская область	29280
530	Североуральск	Свердловская область	29279
531	Карталы	Челябинская область	29136
532	Карпинск	Свердловская область	29118
533	Алушта(Оспаривается)	Крым	29078
534	Карасук	Новосибирская область	28929
535	Кировск	Мурманская область	28659
536	Топки	Кемеровская область	28642
537	Алейск	Алтайский край	28528
538	Кимовск	Тульская область	28493
539	Костомукша	Карелия	28433
540	Дивногорск	Красноярский край	28271
541	Гусев	Калининградская область	28260
542	Похвистнево	Самарская область	28181
543	Сасово	Рязанская область	28117
544	Сосногорск	Коми	27809
545	Советская Гавань	Хабаровский край	27712
546	Нефтекумск	Ставропольский край	27700
547	Морозовск	Ростовская область	27644
548	Полысаево	Кемеровская область	27624
549	Дальнереченск	Приморский край	27601
550	Губаха	Пермский край	27544
551	Бахчисарай(Оспаривается)	Крым	27448
552	Медногорск	Оренбургская область	27253
553	Октябрьск	Самарская область	27244
554	Бутурлиновка	Воронежская область	27208
555	Янаул	Башкортостан	26988
556	Лабытнанги	Ямало-Ненецкий АО	26948
557	Калач-на-Дону	Волгоградская область	26892
558	Камышлов	Свердловская область	26875
559	Зерноград	Ростовская область	26850
560	Уварово	Тамбовская область	26829
561	Заречный	Свердловская область	26803
562	Новоалександровск	Ставропольский край	26759
563	Майский	Кабардино-Балкария	26755
564	Тара	Омская область	26664
565	Новопавловск	Ставропольский край	26556
566	Советский	Ханты-Мансийский АО — Югра	26434
567	Балабаново	Калужская область	26337
568	Родники	Ивановская область	26318
569	Соль-Илецк	Оренбургская область	26308
570	Красноармейск	Московская область	26294
571	Красноперекопск(Оспаривается)	Крым	26268
572	Унеча	Брянская область	26196
573	Кувандык	Оренбургская область	26176
574	Обь	Новосибирская область	26137
575	Железногорск-Илимский	Иркутская область	26134
576	Татарск	Новосибирская область	26114
577	Ипатово	Ставропольский край	26055
578	Семилуки	Воронежская область	26025
579	Исилькуль	Омская область	25905
580	Озёры	Московская область	25788
581	Буй	Костромская область	25763
582	Курчалой	Чечня	25672
583	Заводоуковск	Тюменская область	25657
584	Кировск	Ленинградская область	25633
585	Аткарск	Саратовская область	25620
586	Асино	Томская область	25614
587	Киреевск	Тульская область	25585
588	Богородск	Нижегородская область	25497
589	Тайга	Кемеровская область	25330
590	Невьянск	Свердловская область	25147
591	Саки(Оспаривается)	Крым	25146
592	Павловск	Воронежская область	25126
593	Зея	Амурская область	25042
594	Котельнич	Кировская область	24979
595	Красноуральск	Свердловская область	24973
596	Ленск	Якутия	24955
597	Гурьевск	Кемеровская область	24816
598	Зарайск	Московская область	24648
599	Бежецк	Тверская область	24517
600	Железноводск	Ставропольский край	24496
601	Семёнов	Нижегородская область	24472
602	Красноармейск	Саратовская область	24362
603	Колпашево	Томская область	24126
604	Котово	Волгоградская область	24104
605	Давлеканово	Башкортостан	24040
606	Калачинск	Омская область	24000
607	Строитель	Белгородская область	23933
608	Вельск	Архангельская область	23885
609	Семикаракорск	Ростовская область	23884
610	Отрадное	Ленинградская область	23874
611	Карачаевск	Карачаево-Черкесия	23848
612	Фокино	Приморский край	23683
613	Северобайкальск	Бурятия	23673
614	Шарья	Костромская область	23668
615	Омутнинск	Кировская область	23618
616	Усть-Катав	Челябинская область	23586
617	Бологое	Тверская область	23499
618	Волоколамск	Московская область	23386
619	Губкинский	Ямало-Ненецкий АО	23340
620	Гусиноозёрск	Бурятия	23280
621	Таштагол	Кемеровская область	23114
622	Оленегорск	Мурманская область	23079
623	Оха	Сахалинская область	23007
624	Кубинка	Московская область	22918
625	Вилючинск	Камчатский край	22905
626	Нелидово	Тверская область	22886
627	Нерехта	Костромская область	22817
628	Николаевск-на-Амуре	Хабаровский край	22773
629	Верещагино	Пермский край	22760
630	Нижний Ломов	Пензенская область	22678
631	Лосино-Петровский	Московская область	22550
632	Лермонтов	Ставропольский край	22540
633	Вихоревка	Иркутская область	22528
634	Никольск	Пензенская область	22471
635	Оса	Пермский край	22420
636	Зверево	Ростовская область	22416
637	Няндома	Архангельская область	22354
638	Дудинка	Красноярский край	22207
639	Электрогорск	Московская область	22120
640	Бавлы	Татарстан	22109
641	Менделеевск	Татарстан	22075
642	Армянск(Оспаривается)	Крым	21987
643	Кировград	Свердловская область	21959
644	Калтан	Кемеровская область	21893
645	Лысково	Нижегородская область	21882
646	Старая Купавна	Московская область	21859
647	Куровское	Московская область	21821
648	Ряжск	Рязанская область	21676
649	Остров	Псковская область	21670
650	Хотьково	Московская область	21612
651	Нижняя Тура	Свердловская область	21596
652	Хадыженск	Краснодарский край	21580
653	Пикалёво	Ленинградская область	21567
654	Тогучин	Новосибирская область	21531
655	Льгов	Курская область	21452
656	Ершов	Саратовская область	21447
657	Сергач	Нижегородская область	21387
658	Светлый	Калининградская область	21380
659	Онега	Архангельская область	21359
660	Шахунья	Нижегородская область	21337
661	Ковылкино	Мордовия	21307
662	Нарьян-Мар	Ненецкий АО	21296
663	Алдан	Якутия	21277
664	Рошаль	Московская область	21265
665	Козьмодемьянск	Марий Эл	21262
666	Бронницы	Московская область	21102
667	Данков	Липецкая область	21056
668	Лодейное Поле	Ленинградская область	21053
669	Боготол	Красноярский край	21029
670	Тырныауз	Кабардино-Балкария	21000
671	Лебедянь	Липецкая область	20991
672	Черноголовка	Московская область	20986
673	Бакал	Челябинская область	20953
674	Алагир	Северная Осетия — Алания	20949
675	Абдулино	Оренбургская область	20663
676	Сысерть	Свердловская область	20594
677	Суровикино	Волгоградская область	20527
678	Райчихинск	Амурская область	20499
679	Котельниково	Волгоградская область	20441
680	Тарко-Сале	Ямало-Ненецкий АО	20372
681	Среднеуральск	Свердловская область	20357
682	Буинск	Татарстан	20342
683	Белоярский	Ханты-Мансийский АО — Югра	20283
684	Кизел	Пермский край	20277
685	Пролетарск	Ростовская область	20267
686	Коммунар	Ленинградская область	20265
687	Пущино	Московская область	20263
688	Электроугли	Московская область	20120
689	Калач	Воронежская область	20046
690	Кяхта	Бурятия	20013
691	Шимановск	Амурская область	19815
692	Мурино	Ленинградская область	19775
693	Бобров	Воронежская область	19738
694	Карачев	Брянская область	19715
695	Юрьев-Польский	Владимирская область	19588
696	Новый Оскол	Белгородская область	19530
697	Собинка	Владимирская область	19482
698	Черепаново	Новосибирская область	19346
699	Никольское	Ленинградская область	19345
700	Новомичуринск	Рязанская область	19309
701	Агрыз	Татарстан	19299
702	Сортавала	Карелия	19215
703	Терек	Кабардино-Балкария	19170
704	Нытва	Пермский край	19041
705	Стародуб	Брянская область	19010
706	Суворов	Тульская область	18975
707	Приозерск	Ленинградская область	18929
708	Ковдор	Мурманская область	18836
709	Куса	Челябинская область	18792
710	Ардон	Северная Осетия — Алания	18774
711	Енисейск	Красноярский край	18769
712	Усмань	Липецкая область	18752
713	Нефтегорск	Самарская область	18732
714	Подпорожье	Ленинградская область	18729
715	Петровск-Забайкальский	Забайкальский край	18555
716	Инза	Ульяновская область	18547
717	Слюдянка	Иркутская область	18542
718	Апрелевка	Московская область	18467
719	Рыбное	Рязанская область	18378
720	Талица	Свердловская область	18339
721	Жуковка	Брянская область	18269
722	Радужный	Владимирская область	18212
723	Харабали	Астраханская область	18209
724	Козельск	Калужская область	18203
725	Арск	Татарстан	18114
726	Яровое	Алтайский край	18085
727	Осташков	Тверская область	18073
728	Туринск	Свердловская область	17990
729	Чегем	Кабардино-Балкария	17988
730	Нижняя Салда	Свердловская область	17969
731	Почеп	Брянская область	17933
732	Сельцо	Брянская область	17933
733	Константиновск	Ростовская область	17926
734	Новоаннинский	Волгоградская область	17911
735	Белоозёрский	Московская область	17842
736	Шумиха	Курганская область	17821
737	Гаврилов-Ям	Ярославская область	17792
738	Ивдель	Свердловская область	17764
739	Покров	Владимирская область	17762
740	Баймак	Башкортостан	17710
741	Кукмор	Татарстан	17700
742	Поворино	Воронежская область	17692
743	Катав-Ивановск	Челябинская область	17640
744	Мантурово	Костромская область	17479
745	Голицыно	Московская область	17447
746	Бородино	Красноярский край	17423
747	Межгорье	Башкортостан	17353
748	Галич	Костромская область	17346
749	Пласт	Челябинская область	17344
750	Полярный	Мурманская область	17304
751	Яранск	Кировская область	17252
752	Кирсанов	Тамбовская область	17240
753	Бикин	Хабаровский край	17156
754	Барыш	Ульяновская область	17149
755	Красновишерск	Пермский край	17129
756	Абаза	Хакасия	17111
757	Волгореченск	Костромская область	17108
758	Куртамыш	Курганская область	17098
759	Покачи	Ханты-Мансийский АО — Югра	17053
760	Щигры	Курская область	17043
761	Новоузенск	Саратовская область	17015
762	Касли	Челябинская область	16998
763	Болотное	Новосибирская область	16969
764	Жирновск	Волгоградская область	16890
765	Ясногорск	Тульская область	16804
766	Приволжск	Ивановская область	16749
767	Кондрово	Калужская область	16672
768	Бокситогорск	Ленинградская область	16593
769	Советск	Кировская область	16592
770	Судак(Оспаривается)	Крым	16492
771	Мензелинск	Татарстан	16474
772	Поронайск	Сахалинская область	16461
773	Калининск	Саратовская область	16442
774	Навашино	Нижегородская область	16413
775	Звенигород	Московская область	16395
776	Агидель	Башкортостан	16365
777	Белогорск(Оспаривается)	Крым	16354
778	Невель	Псковская область	16324
779	Сухиничи	Калужская область	16295
780	Камызяк	Астраханская область	16291
781	Плавск	Тульская область	16248
782	Кашин	Тверская область	16174
783	Чудово	Новгородская область	16148
784	Иланский	Красноярский край	16108
785	Валдай	Новгородская область	16099
786	Ясный	Оренбургская область	16082
787	Ужур	Красноярский край	16079
788	Новоульяновск	Ульяновская область	16032
789	Краснослободск	Волгоградская область	16007
790	Палласовка	Волгоградская область	15984
791	Светогорск	Ленинградская область	15973
792	Пестово	Новгородская область	15911
793	Данилов	Ярославская область	15861
794	Заполярный	Мурманская область	15835
795	Лакинск	Владимирская область	15707
796	Рыльск	Курская область	15667
797	Медвежьегорск	Карелия	15536
798	Грязовец	Вологодская область	15528
799	Ленинск	Волгоградская область	15527
800	Дегтярск	Свердловская область	15521
801	Купино	Новосибирская область	15448
802	Бодайбо	Иркутская область	15331
803	Венёв	Тульская область	15220
804	Жердевка	Тамбовская область	15211
805	Меленки	Владимирская область	15208
806	Петушки	Владимирская область	15167
807	Полярные Зори	Мурманская область	15106
808	Николаевск	Волгоградская область	15081
809	Белокуриха	Алтайский край	15072
810	Цимлянск	Ростовская область	15029
811	Александровск	Пермский край	15022
812	Трубчевск	Брянская область	15014
813	Очёр	Пермский край	15003
814	Нерчинск	Забайкальский край	14976
815	Лукоянов	Нижегородская область	14949
816	Карабаново	Владимирская область	14868
817	Кодинск	Красноярский край	14835
818	Емва	Коми	14574
819	Первомайск	Нижегородская область	14567
820	Вяземский	Хабаровский край	14556
821	Сим	Челябинская область	14465
822	Мамадыш	Татарстан	14432
823	Красный Кут	Саратовская область	14420
824	Струнино	Владимирская область	14372
825	Дубовка	Волгоградская область	14345
826	Лагань	Калмыкия	14323
827	Арамиль	Свердловская область	14227
828	Южа	Ивановская область	14170
829	Пересвет	Московская область	14142
830	Катайск	Курганская область	14017
831	Гороховец	Владимирская область	14015
832	Шилка	Забайкальский край	13947
833	Белёв	Тульская область	13918
834	Далматово	Курганская область	13913
835	Гвардейск	Калининградская область	13888
836	Фокино	Брянская область	13874
837	Калязин	Тверская область	13870
838	Талдом	Московская область	13819
839	Сясьстрой	Ленинградская область	13747
840	Свирск	Иркутская область	13649
841	Байкальск	Иркутская область	13589
842	Обоянь	Курская область	13562
843	Кудрово	Ленинградская область	13501
844	Руза	Московская область	13495
845	Цивильск	Чувашия	13478
846	Ак-Довурак	Тыва	13469
847	Краснозаводск	Московская область	13432
848	Шлиссельбург	Ленинградская область	13305
849	Петров Вал	Волгоградская область	13264
850	Яхрома	Московская область	13248
851	Могоча	Забайкальский край	13228
852	Хвалынск	Саратовская область	13199
853	Карабаш	Челябинская область	13151
854	Камешково	Владимирская область	13113
855	Кемь	Карелия	13061
856	Анадырь	Чукотский АО	13053
857	Горняк	Алтайский край	13040
858	Торопец	Тверская область	13018
859	Зеленоградск	Калининградская область	13015
860	Аркадак	Саратовская область	12846
861	Снежногорск	Мурманская область	12698
862	Адыгейск	Адыгея	12689
863	Уяр	Красноярский край	12666
864	Кораблино	Рязанская область	12657
865	Чаплыгин	Липецкая область	12656
866	Киренск	Иркутская область	12652
867	Удачный	Якутия	12611
868	Юрюзань	Челябинская область	12568
869	Балей	Забайкальский край	12536
870	Окуловка	Новгородская область	12464
871	Малая Вишера	Новгородская область	12461
872	Нязепетровск	Челябинская область	12452
873	Гурьевск	Калининградская область	12433
874	Новая Ляля	Свердловская область	12400
875	Сосенский	Калужская область	12394
876	Чкаловск	Нижегородская область	12371
877	Вуктыл	Коми	12357
878	Горнозаводск	Пермский край	12334
879	Урень	Нижегородская область	12311
880	Печоры	Псковская область	12308
881	Боровск	Калужская область	12283
882	Лихославль	Тверская область	12259
883	Долинск	Сахалинская область	12200
884	Волосово	Ленинградская область	12162
885	Жуков	Калужская область	12150
886	Сорск	Хакасия	12140
887	Называевск	Омская область	12119
888	Бабаево	Вологодская область	12074
889	Тюкалинск	Омская область	12050
890	Заволжск	Ивановская область	12045
891	Чулым	Новосибирская область	11964
892	Сосновка	Кировская область	11960
893	Звенигово	Марий Эл	11945
894	Углегорск	Сахалинская область	11880
895	Судогда	Владимирская область	11848
896	Верхний Тагил	Свердловская область	11843
897	Дрезна	Московская область	11815
898	Богучар	Воронежская область	11811
899	Неман	Калининградская область	11794
900	Михайлов	Рязанская область	11783
901	Невельск	Сахалинская область	11682
902	Сураж	Брянская область	11640
903	Ворсма	Нижегородская область	11622
904	Кремёнки	Калужская область	11617
905	Опочка	Псковская область	11601
906	Тетюши	Татарстан	11596
907	Хилок	Забайкальский край	11530
908	Питкяранта	Карелия	11484
909	Завитинск	Амурская область	11481
910	Болхов	Орловская область	11421
911	Эртиль	Воронежская область	11387
912	Нариманов	Астраханская область	11386
913	Петухово	Курганская область	11291
914	Луза	Кировская область	11262
915	Закаменск	Бурятия	11249
916	Белая Холуница	Кировская область	11232
917	Беломорск	Карелия	11217
918	Нижние Серги	Свердловская область	11217
919	Заозёрск	Мурманская область	11206
920	Зуевка	Кировская область	11198
921	Гаджиево	Мурманская область	11089
922	Камбарка	Удмуртия	11028
923	Пионерский	Калининградская область	11017
924	Гремячинск	Пермский край	11005
925	Щучье	Курганская область	10971
926	Шагонар	Тыва	10958
927	Дигора	Северная Осетия — Алания	10856
928	Светлогорск	Калининградская область	10775
929	Микунь	Коми	10732
930	Дорогобуж	Смоленская область	10720
931	Заозёрный	Красноярский край	10683
932	Высоковск	Московская область	10642
933	Каргат	Новосибирская область	10620
934	Щёлкино(Оспаривается)	Крым	10620
935	Александровск-Сахалинский	Сахалинская область	10613
936	Порхов	Псковская область	10608
937	Змеиногорск	Алтайский край	10569
938	Суздаль	Владимирская область	10535
939	Вытегра	Вологодская область	10490
940	Кола	Мурманская область	10447
941	Кирс	Кировская область	10420
942	Ермолино	Калужская область	10409
943	Козловка	Чувашия	10355
944	Сольцы	Новгородская область	10317
945	Вилюйск	Якутия	10233
946	Уржум	Кировская область	10213
947	Наволоки	Ивановская область	10207
948	Юрьевец	Ивановская область	10205
949	Миньяр	Челябинская область	10195
950	Мариинский Посад	Чувашия	10186
951	Нюрба	Якутия	10156
952	Краснослободск	Мордовия	10151
953	Каргополь	Архангельская область	10148
954	Ельня	Смоленская область	10095
955	Харовск	Вологодская область	10078
956	Южно-Сухокумск	Дагестан	10048
957	Рудня	Смоленская область	10029
958	Волчанск	Свердловская область	10008
959	Кувшиново	Тверская область	10008
960	Володарск	Нижегородская область	9924
961	Нея	Костромская область	9827
962	Ивангород	Ленинградская область	9797
963	Тотьма	Вологодская область	9784
964	Суоярви	Карелия	9763
965	Пудож	Карелия	9698
966	Задонск	Липецкая область	9695
967	Таруса	Калужская область	9656
968	Болохово	Тульская область	9619
969	Белозерск	Вологодская область	9614
970	Ядрин	Чувашия	9614
971	Городовиковск	Калмыкия	9565
972	Сковородино	Амурская область	9561
973	Нолинск	Кировская область	9556
974	Покровск	Якутия	9495
975	Олёкминск	Якутия	9487
976	Устюжна	Вологодская область	9478
977	Верхняя Тура	Свердловская область	9468
978	Верхнеуральск	Челябинская область	9459
979	Ардатов	Мордовия	9400
980	Облучье	Еврейская АО	9379
981	Западная Двина	Тверская область	9376
982	Серафимович	Волгоградская область	9368
983	Старый Крым(Оспаривается)	Крым	9277
984	Михайловск	Свердловская область	9215
985	Перевоз	Нижегородская область	9201
986	Костерёво	Владимирская область	9136
987	Теберда	Карачаево-Черкесия	9097
988	Дно	Псковская область	9061
989	Олонец	Карелия	9060
990	Чадан	Тыва	9037
991	Бирюсинск	Иркутская область	8981
992	Ветлуга	Нижегородская область	8956
993	Новая Ладога	Ленинградская область	8890
994	Верхотурье	Свердловская область	8815
995	Починок	Смоленская область	8776
996	Липки	Тульская область	8741
997	Комсомольск	Ивановская область	8693
998	Инсар	Мордовия	8687
999	Болгар	Татарстан	8650
1000	Старица	Тверская область	8610
1001	Пучеж	Ивановская область	8583
1002	Белинский	Пензенская область	8567
1003	Никольск	Вологодская область	8515
1004	Анива	Сахалинская область	8449
1005	Белоусово	Калужская область	8432
1006	Макушино	Курганская область	8337
1007	Медынь	Калужская область	8298
1008	Андреаполь	Тверская область	8265
1009	Малмыж	Кировская область	8265
1010	Салаир	Кемеровская область	8263
1011	Новосокольники	Псковская область	8119
1012	Сычёвка	Смоленская область	8111
1013	Городище	Пензенская область	8102
1014	Томмот	Якутия	8054
1015	Мглин	Брянская область	7916
1016	Бирюч	Белгородская область	7842
1017	Лахденпохья	Карелия	7818
1018	Алупка(Оспаривается)	Крым	7771
1019	Мамоново	Калининградская область	7757
1020	Спасск-Рязанский	Рязанская область	7745
1021	Кириллов	Вологодская область	7735
1022	Лаишево	Татарстан	7735
1023	Дмитриев	Курская область	7721
1024	Велиж	Смоленская область	7620
1025	Оханск	Пермский край	7597
1026	Полесск	Калининградская область	7580
1027	Советск	Тульская область	7537
1028	Спасск	Пензенская область	7442
1029	Демидов	Смоленская область	7333
1030	Весьегонск	Тверская область	7330
1031	Севск	Брянская область	7282
1032	Темников	Мордовия	7247
1033	Макарьев	Костромская область	7114
1034	Юхнов	Калужская область	7056
1035	Сурск	Пензенская область	7032
1036	Красавино	Вологодская область	7003
1037	Орлов	Кировская область	6959
1038	Сенгилей	Ульяновская область	6959
1039	Зубцов	Тверская область	6937
1040	Сретенск	Забайкальский край	6850
1041	Новохопёрск	Воронежская область	6849
1042	Курлово	Владимирская область	6791
1043	Макаров	Сахалинская область	6788
1044	Каменногорск	Ленинградская область	6761
1045	Мураши	Кировская область	6752
1046	Алзамай	Иркутская область	6751
1047	Княгинино	Нижегородская область	6708
1048	Шацк	Рязанская область	6562
1049	Солигалич	Костромская область	6438
1050	Гаврилов Посад	Ивановская область	6434
1051	Багратионовск	Калининградская область	6399
1052	Себеж	Псковская область	6375
1053	Грайворон	Белгородская область	6234
1054	Циолковский	Амурская область	6208
1055	Игарка	Красноярский край	6183
1056	Приморск	Ленинградская область	6122
1057	Пошехонье	Ярославская область	6085
1058	Шиханы	Саратовская область	6067
1059	Суджа	Курская область	6036
1060	Дмитровск	Орловская область	5956
1061	Мышкин	Ярославская область	5932
1062	Спас-Клепики	Рязанская область	5917
1063	Короча	Белгородская область	5877
1064	Сусуман	Магаданская область	5865
1065	Пыталово	Псковская область	5826
1066	Шенкурск	Архангельская область	5702
1067	Усолье	Пермский край	5694
1068	Красный Холм	Тверская область	5608
1069	Жиздра	Калужская область	5585
1070	Любим	Ярославская область	5553
1071	Злынка	Брянская область	5507
1072	Билибино	Чукотский АО	5504
1073	Фатеж	Курская область	5404
1074	Верея	Московская область	5368
1075	Чухлома	Костромская область	5209
1076	Туран	Тыва	4988
1077	Чердынь	Пермский край	4920
1078	Спас-Деменск	Калужская область	4904
1079	Кадников	Вологодская область	4797
1080	Озёрск	Калининградская область	4740
1081	Пустошка	Псковская область	4619
1082	Славск	Калининградская область	4614
1083	Нестеров	Калининградская область	4584
1084	Бабушкин	Бурятия	4542
1085	Томари	Сахалинская область	4537
1086	Гдов	Псковская область	4379
1087	Духовщина	Смоленская область	4370
1088	Правдинск	Калининградская область	4323
1089	Мосальск	Калужская область	4285
1090	Любань	Ленинградская область	4188
1091	Певек	Чукотский АО	4161
1092	Мещовск	Калужская область	4101
1093	Чёрмоз	Пермский край	4017
1094	Малоархангельск	Орловская область	3872
1095	Холм	Новгородская область	3829
1096	Новосиль	Орловская область	3799
1097	Ладушкин	Калининградская область	3788
1098	Белый	Тверская область	3771
1099	Новоржев	Псковская область	3695
1100	Мезень	Архангельская область	3599
1101	Среднеколымск	Якутия	3525
1102	Краснознаменск	Калининградская область	3522
1103	Кологрив	Костромская область	3314
1104	Магас	Ингушетия	2505
1105	Сольвычегодск	Архангельская область	2460
1106	Кедровый	Томская область	2451
1107	Северо-Курильск	Сахалинская область	2381
1108	Плёс	Ивановская область	2341
1109	Горбатов	Нижегородская область	2278
1110	Артёмовск	Красноярский край	2180
1111	Островной	Мурманская область	2177
1112	Курильск	Сахалинская область	2070
1113	Приморск	Калининградская область	1956
1114	Верхоянск	Якутия	1311
1115	Высоцк	Ленинградская область	1244
1116	Чекалин	Тульская область	994
1117	Иннополис	Татарстан	405